rank,product_id,product_name,popular_score,diff,date
0,1847611,タンブラー　シンプル　ホワイトインテリア　ウォーターボトル　水筒　可愛い　韓国　ピクニック　グラス　カップ　韓国発おしゃれグラス　韓国語　カフェ　ランチ　モーニング　韓国雑貨　韓国インテリア　北欧インテリア,0.249279035828724,new,05/21
1,1916902,サステナブル な 女子に ♪ ウォーターボトル マイボトル クリア ボトル タンブラー 水筒 学生 おうち時間 エコ活 大人女子 400ml,0.243952252868564,new,05/21
2,1856292,シンプルな木製の2段ラック,0.219685972327409,new,05/21
3,1912151,White heart wave mirror strap iphoneケース,0.815293110722156,new,05/21
4,1914834,【単品注文】 今季大注目のアップ シンプル ボーダーＴシャツ＋カジュアル オーバーオール セットアップ,0.207872181482967,new,05/21
5,1837857,【2点セット/パーカー+スカート】無地 Aライン 長袖 ノースリーブ キュート エレガント ギャザー ラウンドネック カジュアル セットアップ,0.205350901537904,new,05/21
6,1910955,＊セラミックコースター付きカップ＊,0.20392548745163,new,05/21
7,1854957,楽天人気アイテム!ファッション 無地 ハイウエスト ベルト付き  POLOネック カジュアルワンピース,0.198802117913632,new,05/21
8,1905227,起毛iPhoneケース,0.188833128247317,new,05/21
9,1913305,買わなきゃ損 ファッション プルオーバー  無地 Vネック  ショート丈 シャツ,0.187615821681191,new,05/21
10,2022403,脱コンプレックス ♪ スタイルアップ 水着 タンキニ ビキニ スカート ミニ丈 ミニスカ レース フリル シアー素材 ボリューム袖 スイムウェア,0.182210614925439,new,05/21
11,1909951,ツリーライト	A2308,0.177008296256358,new,05/21
12,1855419,2022SS デニムビスチェセットアップ,0.176763204983987,new,05/21
13,1914138,花刺繍ボリュームスリーブブラウス,0.173512994402795,new,05/21
14,1856839,テディ刺しゅう半袖Tシャツ,0.168691795241283,new,05/21
15,1864832,＊うねうねガラスコップ＊,0.16751497939758,new,05/21
16,1909799,サマーシースルーシャツ    D2932,0.167333405188578,new,05/21
17,1913258,絶対欲しい カジュアル ファッション 肩掛け 無地 ファスナー バケツバッグ バック,0.165021631619065,new,05/21
18,1804803,【3点セット/カーディガン+キャミソール+ショットパンツ】無地 シングルブレスト 長袖 ノースリーブ シンプル 折り襟 スクエアネック カジュアル セットアップ,0.163502448369128,new,05/21
19,1913688,2022SS レトロロゴリンガーTシャツ,0.159980379635096,new,05/21
20,1902451,人気上昇中 シンプル 無地 かわいい カジュアル エレガント シャツ,0.159738543193071,new,05/21
21,2039105,【SH101】シナモロール ❤️  クロミちゃん ❤️  ポムポムプリン  ❤️ ハローキティ ❤️ マイメロディ ❤️ iPhone13 Pro ❤️ iPhone13 ❤️ iPhone13 Pro Max,0.155016157621736,new,05/21
22,1909985,ライトフラワーブーケ	A2067,0.153805133117961,new,05/21
23,1978349,【即納】防水壁掛けtouchスマホケース,0.153204876037731,new,05/21
24,1913438,ルーズレトロデザインTシャツ V7615S,0.152800546047691,new,05/21
25,1915317,クリアマルチポーチ(M),0.151849769651567,new,05/21
26,1914135,リボンベルト付きテーラードオールインワン,0.151091030197351,new,05/21
27,1914186,シースルーバブルスリーブシャツ V7620S,0.151013536464673,new,05/21
28,1905174,Clear pocket iphone case【iphone13機種】,0.150190795962924,new,05/21
29,2023499,太っちょマカロン マカマニア ミルク 6個セット マカプレッソ トゥンカロン マカロン macaron 韓国 スイーツ デザート プレゼント ギフト,0.148285656354057,new,05/21
30,2024870,【SH100】アンパンマン ❤️  ばいきんまん  ❤️ かわいい  ❤️ iPhone13 Pro ❤️ iPhone13 ❤️ iPhone13 Pro Max,0.14784283257854,new,05/21
31,1913898,Clear color stand iphoneケース,0.147804806875655,new,05/21
32,1856046,ボリュームスリーブルーズシアーシャツ,0.145703455784008,new,05/21
33,1914019,【SG60】クレヨンしんちゃん ❤️ かわいい ❤️ iPhone13 Pro ❤️ iPhone13 ❤️ iPhone13 Pro Max,0.145232382346771,new,05/21
34,1913356,カジュアルアルファベットおしゃれＴシャツ,0.145195566074947,new,05/21
35,1906291,シュガー トゥインクル デュオ アイ スティック,0.142374775218162,new,05/21
36,1905399,【即納】Vネックフラワーベスト V5706S,0.139008118978781,new,05/21
37,1963598,【2点セット/トップス+ワンピース】大人 カジュアル 無地 ハイウエスト 不規則 半袖 ノースリーブ ファッション ボウタイ POLOネック セットアップ,0.137336124608234,new,05/21
38,1844980,Vネックルーズフィットカーディガン7色,0.137190911913949,new,05/21
39,1854875,襟付きバイカラーショート丈ニットトップス,0.136914859243822,new,05/21
40,1846319,オーバーサイズポロカラースウェット V7575S,0.134273011306679,new,05/21
41,1913703,デニムシャツミニワンピース,0.133459235493105,new,05/21
42,1968428,【一部即納】レトロな街灯ランプ,0.129510250534754,new,05/21
43,2023491,太っちょマカロン マカマニア オレオ 6個セット マカプレッソ トゥンカロン マカロン macaron 韓国 スイーツ デザート プレゼント ギフト,0.128386014628827,new,05/21
44,2025962,【オーダー可】Romantic Star Double Layer Curtains 星柄の二重カーテン（七色入）,0.127733129764894,new,05/21
45,1904965,アップル保護シェル保護ケース/スリーブ,0.126655539744671,new,05/21
46,1906061,デザイン性抜群  ファッション  無地 丸トゥ ストリート プラットフォーム サンダル,0.125332708572155,new,05/21
47,1909886,DIYブーケ	A1552,0.124485383760013,new,05/21
48,2023498,太っちょマカロン マカマニア ソルティーキャラメル 6個セット マカプレッソ トゥンカロン マカロン macaron 韓国 スイーツ デザート プレゼント ギフト,0.124397258279538,new,05/21
49,1914172,マルチWayクリアダブルスクエアトートバッグ,0.12338171148131,new,05/21
50,2022295,パワーショルダージャケットXショートパンツセットアップ,0.123106807946557,new,05/21
51,1914670,韓国系 キュート無地 パフスリーブ  Vネック 半袖 ファッション スウィート ストライプ柄 シャツ・ブラウス,0.121970476286966,new,05/21
52,1913263,おしゃれ度高め 韓国系 シンプル ハイウエスト スリット ショートパンツ,0.121480768067714,new,05/21
53,1909796,クリアオーロラ　iPhoneケース,0.121215036660664,new,05/21
54,1967809,ビキニ レディース 水着 スイムウェア ストラップ ホルターネック ハイウエスト セクシー カラバリ豊富 ブラック/ネオンイエロー/ネオンピンク/グリーン S/M/L/XL,0.120957601718978,new,05/21
55,2022243,カレッジロゴドロップショルダーポロトップス,0.12008105200079,new,05/21
56,1910002,DIY cloud light	A3498,0.119384953855666,new,05/21
57,1862031,Wave frame heart iphoneケース,0.119333635106953,new,05/21
58,1914658,無地プルオーバーハイウエストAライン半袖シンプルファッションカジュアル学園風一般ショート丈折襟なしカジュアルセットアップ,0.118679173668149,new,05/21
59,1910954,＊お花キャンドル＊,0.118053270608208,new,05/21
60,1968427,【即納】レトロビンテージスピーカー,0.117921423333929,new,05/21
61,2023489,太っちょマカロン オールスター12個セット マカプレッソ トゥンカロン マカロン macaron 韓国 スイーツ デザート プレゼント ギフト,0.117666181624819,new,05/21
62,1914831,【単品注文】透け感 好評発売中 韓国系 シフォン カーディガン+ロング Aライン カジュアルワンピース セットアップ,0.11698646323139,new,05/21
63,1858905,バイカラースポーティーセットアップ【9S00240】,0.116940018450834,new,05/21
64,1993967,ドローストリングオープンデザインデニム V7749S,0.116676925038172,new,05/21
65,1902369,4色 吸汗速乾素材 無地 五分袖 アルファベット Tシャツ,0.116478345904271,new,05/21
66,1913300,特別デザイン シンプル 春夏 シングルブレスト Vネック 透かし彫り シャツ,0.11598491026203,new,05/21
67,1935762,ハートガラスコップ,0.11563697081224,new,05/21
68,2022401,大人っぽガーリー ♪ 小花柄 ワンピース 水着 フリル ブラック レースアップ スタイルアップ ウエストカバー ガーリー デコルテ レトロっぽ,0.115189768230339,new,05/21
69,2017627,クリアレーザークラウドスマホグリップ,0.11379962758054,new,05/21
70,1902432,2色 楽天人気アイテム カジュアル 無地 コットン Aライン カジュアルワンピース,0.113733050705919,new,05/21
71,1909689,ラインハーフパンツセットアップ PD1651,0.113041865880019,new,05/21
72,1913691,ストラッププリーツワンピース,0.112389504682724,new,05/21
73,1913255,人気を獲得♡ シンプル 無地 カジュアル ファッション エレガント ワンピース,0.11184026363412,new,05/21
74,1905390,【即納】レトロシャツセットアップ V3144S,0.11061999651351,new,05/21
75,1896373,Shadow Palette #11 Chocolate fudge チョコレートファッジ,0.109912356518709,new,05/21
76,1905176,Simple 5colors iphone case,0.109579884014565,new,05/21
77,2023240,ガーリーフィッシュテールミニスカート V7769S,0.109103588132523,new,05/21
78,1908950,Message glass　MN0343,0.108828507298877,new,05/21
79,1844476,ボーイフレンドストライプビッグシャツ 006618,0.108642832015145,new,05/21
80,1803841,【999円SALE~】 おしゃれ度高め シンプル  プルオーバー ラウンドネック  ロング Ｔシャツ,0.108091347105606,new,05/21
81,1902280,【dress】絶対欲しいファッションフード付きパーカーワンピース着瘦せ2色　M-6834,0.107702170647689,new,05/21
82,2022092,〇 フラワーソーサー×カップセット 〇 kitchen 01057,0.106838204192427,new,05/21
83,1913244,おしゃれ度アップ 4色展開  カジュアル ハイウエスト  ボウタイ レギュラー丈 パンツ,0.106798695502092,new,05/21
84,2027796,アシンメトリーデザインルーズシャツ V7764S,0.106631815084553,new,05/21
85,1884137,Colorful Alarm Clock 多彩な目覚まし時計（7色入）,0.10646035831272,new,05/21
86,1915012,【オーダー商品】透明ペンケース,0.106410851821827,new,05/21
87,1993685,涼しげ クリアソール ♪ ボリュームソール スニーカー 足首ほっそり 厚底 ダッドシューズ 脚長効果 美脚見え 学生 通学 シンプル カジュアル メンズライク,0.10636510002575,new,05/21
88,1905401,【即納】オーバーサイズプリントTシャツ N5339S,0.106267928449688,new,05/21
89,1914078,ワンサイドオーバーオール　7095,0.106225603285773,new,05/21
90,2023847,ゼルモンティプリーツスカート,0.106083974642813,new,05/21
91,2022331,サイドアジャスター付きショートデニム V7772S,0.104994234666677,new,05/21
92,1913993,ワッペンBIGストライプシャツ(全2色),0.104419433248617,new,05/21
93,1908948,お花モチーフグラス 6種 MN0208,0.104390626306769,new,05/21
94,1913277,大好評レビュー  韓国系 プルオーバー  アルファベット ラウンドネック シャツ,0.103972155369742,new,05/21
95,1913304,高見えデザイン シンプル 無地 カジュアル かわいい キャミソール,0.103910151647874,new,05/21
96,1855336,くまさんのアイスキューブ(ミニアイストングセット),0.103531058294941,new,05/21
97,2038505,リンクルキャミソールワンピース,0.103211358178226,new,05/21
98,1904950,スマホケースカートゥーンシンプルiphoneケース,0.102995524569762,new,05/21
99,1851947,一番安い新作 韓国風ファッション  チェック柄  セクシー スウィート  レギュラーウエスト 夏 ビキニ水着,0.102773720094724,new,05/22
0,1916902,サステナブル な 女子に ♪ ウォーターボトル マイボトル クリア ボトル タンブラー 水筒 学生 おうち時間 エコ活 大人女子 400ml,0.260753046253689,1,05/22
1,1913305,買わなきゃ損 ファッション プルオーバー  無地 Vネック  ショート丈 シャツ,0.249478577287289,8,05/22
2,1913286,【単品注文】美人度アップ シンプル 無地 カーディガン＋エレガント ワンピース セット,0.227374243318065,new,05/22
3,1912151,White heart wave mirror strap iphoneケース,0.212767507990735,-,05/22
4,1909914,heart board light	A3522,0.210764536943905,new,05/22
5,1902451,人気上昇中 シンプル 無地 かわいい カジュアル エレガント シャツ,0.209971367540591,15,05/22
6,1910955,＊セラミックコースター付きカップ＊,0.207681984178559,-,05/22
7,1913283,2色 韓国風ファッション 欠かせない フェミニン コットン Vネック シャツ,0.206293670927328,new,05/22
8,1959557,Retro Bluetooth Speaker レトロブルートゥーススピーカー,0.204550776102324,new,05/22
9,1837857,【2点セット/パーカー+スカート】無地 Aライン 長袖 ノースリーブ キュート エレガント ギャザー ラウンドネック カジュアル セットアップ,0.201382547957094,-4,05/22
10,1854957,楽天人気アイテム!ファッション 無地 ハイウエスト ベルト付き  POLOネック カジュアルワンピース,0.20005373270943,-3,05/22
11,1914135,リボンベルト付きテーラードオールインワン,0.191338405574084,15,05/22
12,1914138,花刺繍ボリュームスリーブブラウス,0.189791067477157,1,05/22
13,1905227,起毛iPhoneケース,0.183446207694363,-5,05/22
14,1914430,【一部即納】ロマンチックチューリップランプ,0.180585118056616,new,05/22
15,1856839,テディ刺しゅう半袖Tシャツ,0.171397809802643,-1,05/22
16,1914167,2Wayパット付きクロップド丈リブテレコキャミソール,0.171098728419217,new,05/22
17,1910010,candle night light	A3523,0.165801721384249,new,05/22
18,1906291,シュガー トゥインクル デュオ アイ スティック,0.165253941047754,17,05/22
19,1863471,【bottoms】絶対欲しい人気急上昇中ファッションカジュアルデニムパンツ　M-6801,0.160979026935567,new,05/22
20,1913258,絶対欲しい カジュアル ファッション 肩掛け 無地 ファスナー バケツバッグ バック,0.160913129581427,-3,05/22
21,1844980,Vネックルーズフィットカーディガン7色,0.156993426000283,17,05/22
22,1909985,ライトフラワーブーケ	A2067,0.148301628512565,-,05/22
23,2019029,Brunch Brother コンピスリッパ cy4988,0.147012291676066,new,05/22
24,1913356,カジュアルアルファベットおしゃれＴシャツ,0.14476474800154,10,05/22
25,1913282,今季大注目のアップ  シンプル  ハイウエスト  レギュラー丈  無地 パンツ,0.144176695758017,new,05/22
26,1851957,美人度アップ かわいい エレガント ファッション 韓国系 シンプル 切り替え シャツ,0.143908661798048,new,05/22
27,1905174,Clear pocket iphone case【iphone13機種】,0.141788691406056,1,05/22
28,1846319,オーバーサイズポロカラースウェット V7575S,0.137369793659382,12,05/22
29,1855419,2022SS デニムビスチェセットアップ,0.135691955535895,-17,05/22
30,1905399,【即納】Vネックフラワーベスト V5706S,0.133423838716965,6,05/22
31,1921664,〇 ムーンライト 〇 interior00439,0.132811900969953,new,05/22
32,1968428,【一部即納】レトロな街灯ランプ,0.129045449972304,10,05/22
33,1909799,サマーシースルーシャツ    D2932,0.129041723317029,-17,05/22
34,1937923,自分だけの 快適スペース ♪ 折りたたみ式 ベッドテーブル ベッドスペース ベッドルーム 韓国っぽ インテリア トレーテーブル おうち時間 リモート ipad お部屋,0.126545315596941,new,05/22
35,1912064,デニムワンピース シャツワンピ ミニ丈 半袖 ポケット付き スクエアネック Aライン ウエストマーク デニム カジュアル おしゃれ デニムスカート 春夏 韓国風 ブルー,0.124426940704135,new,05/22
36,1913768,ちょこんとスマイルが可愛い！シンプル透明カバー クリア スマホケース 2type ND-14569,0.121295879024952,new,05/22
37,2024870,【SH100】アンパンマン ❤️  ばいきんまん  ❤️ かわいい  ❤️ iPhone13 Pro ❤️ iPhone13 ❤️ iPhone13 Pro Max,0.120725458442871,-7,05/22
38,1896373,Shadow Palette #11 Chocolate fudge チョコレートファッジ,0.120682433641076,37,05/22
39,1843092,壁掛け化粧品収納ボックス,0.120545188721009,new,05/22
40,1914172,マルチWayクリアダブルスクエアトートバッグ,0.119636868167884,9,05/22
41,1914658,無地プルオーバーハイウエストAライン半袖シンプルファッションカジュアル学園風一般ショート丈折襟なしカジュアルセットアップ,0.118388485766372,17,05/22
42,1909886,DIYブーケ	A1552,0.118202955510107,5,05/22
43,2061765,上品なシルエット  ファッション PU  丸トゥ 厚底  クロスバックル サンダル,0.11707269922917,new,05/22
44,1971073,【即納】ラグランTシャツ+ショートパンツセットアップ V5830S,0.116206937134006,new,05/22
45,1845081,2WAYリブクロップ半袖ジップアップニット,0.115618894711051,new,05/22
46,1902432,2色 楽天人気アイテム カジュアル 無地 コットン Aライン カジュアルワンピース,0.115612166543808,24,05/22
47,1913297,好感度UP シンプル 無地 通勤  ラウンドネック 透かし彫り ニット Tシャツ,0.113717419244609,new,05/22
48,1910002,DIY cloud light	A3498,0.113438634229341,8,05/22
49,1904965,アップル保護シェル保護ケース/スリーブ,0.112080880249614,-4,05/22
50,1912136,「単品注文」エレガント フレア袖 ギャザー ボタン 長袖シャツ+ 無地 Aライン スウィートワンピース カジュアル セットアップ,0.111916224736901,new,05/22
51,1913704,オールホワイト3点セットアップ,0.111335417721179,new,05/22
52,1913691,ストラッププリーツワンピース,0.110956045223315,20,05/22
53,1913300,特別デザイン シンプル 春夏 シングルブレスト Vネック 透かし彫り シャツ,0.110431027996862,13,05/22
54,1913184,クロップドカーディガン＋キャミソールマーメイドワンピース　S5629,0.110053491716627,new,05/22
55,1904950,スマホケースカートゥーンシンプルiphoneケース,0.10987719465635,43,05/22
56,1902369,4色 吸汗速乾素材 無地 五分袖 アルファベット Tシャツ,0.109423135629354,9,05/22
57,1884137,Colorful Alarm Clock 多彩な目覚まし時計（7色入）,0.109397299152605,28,05/22
58,1855336,くまさんのアイスキューブ(ミニアイストングセット),0.109269246134039,38,05/22
59,1913244,おしゃれ度アップ 4色展開  カジュアル ハイウエスト  ボウタイ レギュラー丈 パンツ,0.108877454329529,24,05/22
60,1930470,ふぞろいな波ライングラス,0.108530433897538,new,05/22
61,1908950,Message glass　MN0343,0.108487920037002,17,05/22
62,2062269,rom&nd BLUR FUDGE TINT,0.108482006370511,new,05/22
63,2022263,ビッグカラーショート丈ブラウス,0.107002663066994,new,05/22
64,1905315,＊ロング英字ガラスカップ＊,0.106941997506988,new,05/22
65,1854875,襟付きバイカラーショート丈ニットトップス,0.106572674231519,-26,05/22
66,1806166,タンブラー　シンプル　ホワイトインテリア　ウォーターボトル　水筒　可愛い　韓国　ピクニック　グラス　カップ　韓国発おしゃれグラス　韓国語　カフェ　ランチ　モーニング　韓国雑貨　韓国インテリア　北欧インテリア,0.105345092065659,new,05/22
67,1908948,お花モチーフグラス 6種 MN0208,0.104551295036028,26,05/22
68,2023496,太っちょマカロン マカマニア イチゴバナナ 6個セット マカプレッソ トゥンカロン マカロン macaron 韓国 スイーツ デザート プレゼント ギフト,0.104115375807883,new,05/22
69,2023494,太っちょマカロン マカマニア ベリーベリー 6個セット マカプレッソ トゥンカロン マカロン macaron 韓国 スイーツ デザート プレゼント ギフト,0.103333579669039,new,05/22
70,1902280,【dress】絶対欲しいファッションフード付きパーカーワンピース着瘦せ2色　M-6834,0.103308350875901,11,05/22
71,1913273,柔らかくて優しい印象 カジュアル シンプル  折り襟 シングルブレスト シャツ,0.103062235430437,new,05/22
72,1968427,【即納】レトロビンテージスピーカー,0.102885439344678,-12,05/22
73,1971585,チェック柄バイカラーポロニットトップス,0.102785812220783,new,05/22
74,1905401,【即納】オーバーサイズプリントTシャツ N5339S,0.102409281110473,14,05/22
75,1913520,ワンポケットアンバランスデニムスカート【S／M SIZE】,0.102312623878349,new,05/22
76,1910954,＊お花キャンドル＊,0.10190529695758,-17,05/22
77,1909922,european rose ramp	A2800,0.101455790850839,new,05/22
78,2066457,韓国 レディース 夏 おしゃスウィート オープンショルダー 足首丈 配色 シングルブレスト Aライン 半袖 シンプル 折り襟 デートワンピース,0.101416568144488,new,05/22
79,1767946,デニムベスト付きハイウエストブルーデニム 006554,0.101246097022155,new,05/22
80,1909909,フラワーサイドランプ	A1378,0.101199103604155,new,05/22
81,1897566,オーバーオール デニム  ハイウエスト カジュアル ペイント ロゴ ストリート デイリー ライトカラー 大人可愛い 韓国ファッション,0.101191752473084,new,05/22
82,1908958,手捻りグラス　MN0217,0.100764587929495,new,05/22
83,1914572,フロントスリットデニムマーメイドスカート,0.100529180048073,new,05/22
84,1916212,ガラスフロート温度計　クラウド/スヌーピー,0.10033627423726,new,05/22
85,2039105,【SH101】シナモロール ❤️  クロミちゃん ❤️  ポムポムプリン  ❤️ ハローキティ ❤️ マイメロディ ❤️ iPhone13 Pro ❤️ iPhone13 ❤️ iPhone13 Pro Max,0.100180640714324,-64,05/22
86,1915043,【オーダー商品】大容量収納ペンケース,0.0999186585204877,new,05/22
87,1914149,フリルチュールスリーブリボンニットミニワンピース,0.0997137284015959,new,05/22
88,1856874,ハイウエストステッチデザインデニム N5579S,0.0993786648602022,new,05/22
89,1913271,人気上昇中 ファッション 韓国系 かわいい 小柄 エレガント ワンピース,0.0992910828276114,new,05/22
90,1837523,【単品注文】高見えデザイン 春秋  韓国系カジュアル折襟 無地 スーツ+ハイウエスト ガウチョパンツ セット,0.0989904541069208,new,05/22
91,2061760,可愛いデザイン  ファッション   丸トゥ PVC  ローファー キック 厚底 サンダル,0.0988564666747912,new,05/22
92,1914661,動物柄プルオーバーハイウエスト半袖シンプル学園風一般一般プリントラウンドネックなしカジュアルセットアップ,0.098759430073373,new,05/22
93,2062272,ふわもこクマ柄トップスXショートパンツルームウェアセットアップ,0.0986836774470808,new,05/22
94,2066819,タイダイVネックキャミソールロングワンピース(紐調節可能),0.0982569255329404,new,05/22
95,1967809,ビキニ レディース 水着 スイムウェア ストラップ ホルターネック ハイウエスト セクシー カラバリ豊富 ブラック/ネオンイエロー/ネオンピンク/グリーン S/M/L/XL,0.0981094583599227,-41,05/22
96,1905388,【即納】パンチングデザインニット V5860S,0.0980149658819738,new,05/22
97,1774999,襟付きチェック柄ショート丈カーディガン,0.0974684124027368,new,05/22
98,1910273,【Dress】オシャレ度満点～レディースストライプ柄リボン付きワンピースオーバーサイズX-4145,0.0973869055967793,new,05/22
99,1831431,＊雲ミラー＊,0.0972997742829802,new,05/22
0,1914184,ボリュームパフスリーブプリントTシャツ V7618S,0.309330976282373,new,05/23
1,1909733,チェキアイフォンケース PD3435,0.301507030460767,new,05/23
2,1959557,Retro Bluetooth Speaker レトロブルートゥーススピーカー,0.269928841470041,6,05/23
3,2019029,Brunch Brother コンピスリッパ cy4988,0.218641822084969,20,05/23
4,1902451,人気上昇中 シンプル 無地 かわいい カジュアル エレガント シャツ,0.217996546647848,1,05/23
5,1913283,2色 韓国風ファッション 欠かせない フェミニン コットン Vネック シャツ,0.216803904800373,2,05/23
6,1856292,シンプルな木製の2段ラック,0.213288394436914,new,05/23
7,1909914,heart board light	A3522,0.207482533956613,-3,05/23
8,2022403,脱コンプレックス ♪ スタイルアップ 水着 タンキニ ビキニ スカート ミニ丈 ミニスカ レース フリル シアー素材 ボリューム袖 スイムウェア,0.206973756254407,new,05/23
9,1837857,【2点セット/パーカー+スカート】無地 Aライン 長袖 ノースリーブ キュート エレガント ギャザー ラウンドネック カジュアル セットアップ,0.203534682632808,-,05/23
10,1914138,花刺繍ボリュームスリーブブラウス,0.202755583981421,2,05/23
11,1910955,＊セラミックコースター付きカップ＊,0.195532962523332,-5,05/23
12,2038525,マカロンのカケラBOX♡ やみつきサクサクおやつ,0.187106445169335,new,05/23
13,1905227,起毛iPhoneケース,0.183513279891284,-,05/23
14,1913264,3色ファッション 無地 アルファベット ラウンドネック 半袖 Tシャツ,0.182199364641148,new,05/23
15,1863653,シンプル ファッション  ストリート 目立つ 気質満点 カジュアル キュート チェック柄 カーディガン,0.179331200103667,new,05/23
16,1856839,テディ刺しゅう半袖Tシャツ,0.173123837159204,-1,05/23
17,1910010,candle night light	A3523,0.170321824570811,-,05/23
18,1844980,Vネックルーズフィットカーディガン7色,0.165886408367945,3,05/23
19,1863471,【bottoms】絶対欲しい人気急上昇中ファッションカジュアルデニムパンツ　M-6801,0.163429423744383,-,05/23
20,1864832,＊うねうねガラスコップ＊,0.159399883629655,new,05/23
21,1909799,サマーシースルーシャツ    D2932,0.155244234619762,12,05/23
22,1851957,美人度アップ かわいい エレガント ファッション 韓国系 シンプル 切り替え シャツ,0.152335001451259,4,05/23
23,1914430,【一部即納】ロマンチックチューリップランプ,0.151788564727739,-9,05/23
24,2023489,太っちょマカロン オールスター12個セット マカプレッソ トゥンカロン マカロン macaron 韓国 スイーツ デザート プレゼント ギフト,0.146741792900557,new,05/23
25,1896373,Shadow Palette #11 Chocolate fudge チョコレートファッジ,0.145901568453875,13,05/23
26,1909985,ライトフラワーブーケ	A2067,0.145760694855386,-4,05/23
27,1846319,オーバーサイズポロカラースウェット V7575S,0.14217705222915,1,05/23
28,1913688,2022SS レトロロゴリンガーTシャツ,0.141219444360901,new,05/23
29,1937860,ドリンクホルダー　タンブラー　シンプル　ホワイトインテリア　ウォーターボトル　水筒　可愛い　韓国　ピクニック　グラス　カップ　韓国発おしゃれグラス　韓国語　カフェ　ランチ　モーニング　韓国雑貨　韓国インテリア　北欧インテリア,0.141134517311464,new,05/23
30,1913300,特別デザイン シンプル 春夏 シングルブレスト Vネック 透かし彫り シャツ,0.139132224936258,23,05/23
31,1909997,メイクボックス	A2276,0.136903673860857,new,05/23
32,1856046,ボリュームスリーブルーズシアーシャツ,0.135719399086741,new,05/23
33,1896730,【2点セット/単品注文】配色 Aライン 半袖 スウィート パフスリーブ ボウタイ 切り替え キャミソール カジュアル セットアップ,0.133714072397946,new,05/23
34,1913258,絶対欲しい カジュアル ファッション 肩掛け 無地 ファスナー バケツバッグ バック,0.132751762337229,-14,05/23
35,1913304,高見えデザイン シンプル 無地 カジュアル かわいい キャミソール,0.132410107061105,new,05/23
36,2022401,大人っぽガーリー ♪ 小花柄 ワンピース 水着 フリル ブラック レースアップ スタイルアップ ウエストカバー ガーリー デコルテ レトロっぽ,0.132107447835666,new,05/23
37,1913205,フリルショート丈ニットカーディガン,0.131031096348627,new,05/23
38,2040844,和ニャカロン詰め合わせ（5個入）,0.130661016008685,new,05/23
39,1971585,チェック柄バイカラーポロニットトップス,0.130627464358839,34,05/23
40,1921664,〇 ムーンライト 〇 interior00439,0.130153167487394,-9,05/23
41,1906061,デザイン性抜群  ファッション  無地 丸トゥ ストリート プラットフォーム サンダル,0.128913980511531,new,05/23
42,1915008,【オーダー商品】韓国人気キャラクター ペンケース,0.127649676128399,new,05/23
43,1913271,人気上昇中 ファッション 韓国系 かわいい 小柄 エレガント ワンピース,0.12560433031603,46,05/23
44,1915012,【オーダー商品】透明ペンケース,0.12553252334072,new,05/23
45,1913217,多色展開 今季注目  ファッション カジュアル 春夏 Vネック 五分袖 シフォンシャツ,0.125221328548131,new,05/23
46,1851947,一番安い新作 韓国風ファッション  チェック柄  セクシー スウィート  レギュラーウエスト 夏 ビキニ水着,0.123359031393408,new,05/23
47,1967809,ビキニ レディース 水着 スイムウェア ストラップ ホルターネック ハイウエスト セクシー カラバリ豊富 ブラック/ネオンイエロー/ネオンピンク/グリーン S/M/L/XL,0.122843758654945,48,05/23
48,1913967,トレンド ギンガムチェック柄 パフスリーブ シャツ 半袖 バックボタン レースカラー ラウンドネック 大人かわいい ガーリー 春夏 a3173,0.122139014865675,new,05/23
49,1978349,【即納】防水壁掛けtouchスマホケース,0.120428978710343,new,05/23
50,2022274,ロゴ刺繍Tシャツ,0.119354102575623,new,05/23
51,1913263,おしゃれ度高め 韓国系 シンプル ハイウエスト スリット ショートパンツ,0.118767862206224,new,05/23
52,1845081,2WAYリブクロップ半袖ジップアップニット,0.118376009902328,-7,05/23
53,1859032,ハイウエストデニムパンツ＋ビスチェ　S5592,0.11828318890346,new,05/23
54,1857499,smile flower bouquet (middle size),0.116021061632879,new,05/23
55,1993685,涼しげ クリアソール ♪ ボリュームソール スニーカー 足首ほっそり 厚底 ダッドシューズ 脚長効果 美脚見え 学生 通学 シンプル カジュアル メンズライク,0.114642244637934,new,05/23
56,1909886,DIYブーケ	A1552,0.114445007892384,-14,05/23
57,1909689,ラインハーフパンツセットアップ PD1651,0.113292255124246,new,05/23
58,1902280,【dress】絶対欲しいファッションフード付きパーカーワンピース着瘦せ2色　M-6834,0.113053576308533,12,05/23
59,2023494,太っちょマカロン マカマニア ベリーベリー 6個セット マカプレッソ トゥンカロン マカロン macaron 韓国 スイーツ デザート プレゼント ギフト,0.112468456091628,10,05/23
60,1844476,ボーイフレンドストライプビッグシャツ 006618,0.112202316395998,new,05/23
61,1902432,2色 楽天人気アイテム カジュアル 無地 コットン Aライン カジュアルワンピース,0.112035822152104,-15,05/23
62,1913297,好感度UP シンプル 無地 通勤  ラウンドネック 透かし彫り ニット Tシャツ,0.111423879810223,-15,05/23
63,1968427,【即納】レトロビンテージスピーカー,0.110651307802771,9,05/23
64,1904965,アップル保護シェル保護ケース/スリーブ,0.110411343498768,-15,05/23
65,1915003,【オーダー商品】モコモコ収納ポーチ,0.110246258885438,new,05/23
66,2060986,【2点セット/単品注文】ファッション 無地 シングルブレスト 折り襟 ボタン 五分袖 シャツ +不規則 スカート カジュアル セットアップ,0.109567000779643,new,05/23
67,1884137,Colorful Alarm Clock 多彩な目覚まし時計（7色入）,0.108845165948068,-10,05/23
68,1914006,3点セット ブラウス ジャンパースカート ミニショルダーバッグ ジャンスカ フロントボタン 長袖 セットアップ 韓国ファッション レディース 大人可愛い ガーリー DTC-655501561990,0.108040843693678,new,05/23
69,1915043,【オーダー商品】大容量収納ペンケース,0.107775139707887,17,05/23
70,1909794,ミラークラウド　AirPodsケース,0.10767560329878,new,05/23
71,1908950,Message glass　MN0343,0.107441883831203,-10,05/23
72,1908948,お花モチーフグラス 6種 MN0208,0.107309589592963,-5,05/23
73,1913309,美人度アップ 絶対欲しい 通勤/OL カジュアル 無地 ボタン ハイウエスト レギュラー丈 カジュアルパンツ,0.107293092234717,new,05/23
74,2066794,配色ツイードラウンドネックノーカラー半袖ジャケット,0.107164398487282,new,05/23
75,1913268,大人可愛い エレガント セレブリティ プリント ランタンスリーブ  Aライン ロングワンピース,0.106535126537286,new,05/23
76,1902369,4色 吸汗速乾素材 無地 五分袖 アルファベット Tシャツ,0.105704046135787,-20,05/23
77,1860820,【999円SALE~】激安 好感度UP カジュアル ファッション PU 丸トゥ プラットフォーム サンダル,0.105313253710512,new,05/23
78,1855336,くまさんのアイスキューブ(ミニアイストングセット),0.105254634677736,-20,05/23
79,1837523,【単品注文】高見えデザイン 春秋  韓国系カジュアル折襟 無地 スーツ+ハイウエスト ガウチョパンツ セット,0.104931127872669,11,05/23
80,1910271,【Set】気質溢れ～レディース人気OL通勤2点セット  配色ブラウス  +  ショートパンツ   Z-2784,0.104744894214755,new,05/23
81,1859972,シアーカーディガン＆アンニュイキャミソール 006637,0.104443384478527,new,05/23
82,1913255,人気を獲得♡ シンプル 無地 カジュアル ファッション エレガント ワンピース,0.104398885960833,new,05/23
83,1913960,ティアード ワンピース ロングワンピ キャミワンピ バイカラー リボン ノースリーブ,0.104027518394176,new,05/23
84,1913277,大好評レビュー  韓国系 プルオーバー  アルファベット ラウンドネック シャツ,0.103429886417421,new,05/23
85,1806166,タンブラー　シンプル　ホワイトインテリア　ウォーターボトル　水筒　可愛い　韓国　ピクニック　グラス　カップ　韓国発おしゃれグラス　韓国語　カフェ　ランチ　モーニング　韓国雑貨　韓国インテリア　北欧インテリア,0.10333557502264,-19,05/23
86,1913675,ビッグシルエットロゴポロシャツ.１４６０,0.102728043530146,new,05/23
87,1905394,【即納】ビッグユニフォームT N3088S,0.102698244942424,new,05/23
88,1913248,【お一人様1点限り】赤字セール おしゃれ度アップ  スウィート  シンプル  合金 サークル イヤリング【10999円以上のご注文限定】,0.102127412292495,new,05/23
89,1856813,Diamond shape glitter iphoneケース,0.101540502736058,new,05/23
90,1913296,おしゃれ度アップ 韓国系 無地 Vネック トップス+ロング Aライン スカート セットアップ,0.10079825062089,new,05/23
91,1903201,着映え♪もこもこガウン♡ ナイトガウン ルームウエア 可愛い パジャマ ふわふわ 着ぐるみ,0.100641408544412,new,05/23
92,1906974,パッチ半ジップアップアノラックセット,0.100501364380886,new,05/23
93,1936263,8Pセット ミニ旅行ポータブルメイクアップセット,0.100004931445866,new,05/23
94,1863669,韓国系 着瘦せ エレガント 配色 薄型 スクエアネック  半袖  涼しい Tシャツ,0.0998689858521446,new,05/23
95,1856060,バックプリーツシャツワンピース,0.0998308438394712,new,05/23
96,1901937,ブラック花刺繍ワンピース,0.0997794883413939,new,05/23
97,1902457,ins超人気 デザイン性抜群 韓国系 無地 ハイウエスト デニム 二点セット,0.0993201329883871,new,05/23
98,1914078,ワンサイドオーバーオール　7095,0.0989831994562845,new,05/23
99,1913273,柔らかくて優しい印象 カジュアル シンプル  折り襟 シングルブレスト シャツ,0.0987302669462962,-28,05/23
0,1914184,ボリュームパフスリーブプリントTシャツ V7618S,0.301368130800948,-,05/24
1,1909733,チェキアイフォンケース PD3435,0.293483122193182,-,05/24
2,1913305,買わなきゃ損 ファッション プルオーバー  無地 Vネック  ショート丈 シャツ,0.270848858381822,new,05/24
3,1913283,2色 韓国風ファッション 欠かせない フェミニン コットン Vネック シャツ,0.22272654522741,2,05/24
4,1905278,くまちゃんフロアチェア 006135,0.221069300452833,new,05/24
5,1847611,タンブラー　シンプル　ホワイトインテリア　ウォーターボトル　水筒　可愛い　韓国　ピクニック　グラス　カップ　韓国発おしゃれグラス　韓国語　カフェ　ランチ　モーニング　韓国雑貨　韓国インテリア　北欧インテリア,0.220907364573654,new,05/24
6,1856292,シンプルな木製の2段ラック,0.214904654260087,-,05/24
7,1854957,楽天人気アイテム!ファッション 無地 ハイウエスト ベルト付き  POLOネック カジュアルワンピース,0.203223794149858,new,05/24
8,1914138,花刺繍ボリュームスリーブブラウス,0.201759851357339,2,05/24
9,1912151,White heart wave mirror strap iphoneケース,0.200435802713813,new,05/24
10,1914834,【単品注文】 今季大注目のアップ シンプル ボーダーＴシャツ＋カジュアル オーバーオール セットアップ,0.196037796931306,new,05/24
11,1914135,リボンベルト付きテーラードオールインワン,0.193524139758436,new,05/24
12,1913979,オーバージャケット デニムセットアップ QW280,0.188617874221231,new,05/24
13,1913286,【単品注文】美人度アップ シンプル 無地 カーディガン＋エレガント ワンピース セット,0.184226768786471,new,05/24
14,1912138,【2点セット】配色 レギュラーウエスト 半袖 ファッション  切り替え ラウンドネック カジュアル セットアップ,0.183958237768826,new,05/24
15,1913688,2022SS レトロロゴリンガーTシャツ,0.183907297200022,13,05/24
16,1914430,【一部即納】ロマンチックチューリップランプ,0.182159931218206,7,05/24
17,1906291,シュガー トゥインクル デュオ アイ スティック,0.181289875849145,new,05/24
18,1913438,ルーズレトロデザインTシャツ V7615S,0.177254986102265,new,05/24
19,1913436,パフスリーブワッフルカットソー V7611S,0.175713156585391,new,05/24
20,1856839,テディ刺しゅう半袖Tシャツ,0.174009456982976,-4,05/24
21,1863471,【bottoms】絶対欲しい人気急上昇中ファッションカジュアルデニムパンツ　M-6801,0.169534050243213,-2,05/24
22,1916902,サステナブル な 女子に ♪ ウォーターボトル マイボトル クリア ボトル タンブラー 水筒 学生 おうち時間 エコ活 大人女子 400ml,0.168211333630576,new,05/24
23,2022403,脱コンプレックス ♪ スタイルアップ 水着 タンキニ ビキニ スカート ミニ丈 ミニスカ レース フリル シアー素材 ボリューム袖 スイムウェア,0.163901678104775,-15,05/24
24,1844980,Vネックルーズフィットカーディガン7色,0.163443442604413,-6,05/24
25,1856046,ボリュームスリーブルーズシアーシャツ,0.163359952538371,7,05/24
26,1968428,【一部即納】レトロな街灯ランプ,0.161685238347288,new,05/24
27,1914167,2Wayパット付きクロップド丈リブテレコキャミソール,0.16129823102259,new,05/24
28,1909914,heart board light	A3522,0.156882454147763,-21,05/24
29,1914186,シースルーバブルスリーブシャツ V7620S,0.156807745879056,new,05/24
30,1905174,Clear pocket iphone case【iphone13機種】,0.15604713811986,new,05/24
31,2077512,チェーンビスチェレイヤードパフスリーブTシャツ V7787S,0.147636140282424,new,05/24
32,1910955,＊セラミックコースター付きカップ＊,0.146879265693755,-21,05/24
33,1913282,今季大注目のアップ  シンプル  ハイウエスト  レギュラー丈  無地 パンツ,0.145398984397688,new,05/24
34,1913264,3色ファッション 無地 アルファベット ラウンドネック 半袖 Tシャツ,0.144616291091741,-20,05/24
35,1857499,smile flower bouquet (middle size),0.144472813415545,19,05/24
36,1913898,Clear color stand iphoneケース,0.143533026152031,new,05/24
37,1846319,オーバーサイズポロカラースウェット V7575S,0.142859847333235,-10,05/24
38,1913356,カジュアルアルファベットおしゃれＴシャツ,0.141869563386944,new,05/24
39,1851947,一番安い新作 韓国風ファッション  チェック柄  セクシー スウィート  レギュラーウエスト 夏 ビキニ水着,0.14129641272221,7,05/24
40,1909985,ライトフラワーブーケ	A2067,0.136287762248944,-14,05/24
41,1905227,起毛iPhoneケース,0.135877168161662,-28,05/24
42,1909997,メイクボックス	A2276,0.135719444343663,-11,05/24
43,1913258,絶対欲しい カジュアル ファッション 肩掛け 無地 ファスナー バケツバッグ バック,0.134982013751816,-9,05/24
44,1914670,韓国系 キュート無地 パフスリーブ  Vネック 半袖 ファッション スウィート ストライプ柄 シャツ・ブラウス,0.133705855286723,new,05/24
45,1913304,高見えデザイン シンプル 無地 カジュアル かわいい キャミソール,0.132820859868436,-10,05/24
46,1905390,【即納】レトロシャツセットアップ V3144S,0.132448024548555,new,05/24
47,1913349,配色切り替えギャザーTシャツ,0.131813625865212,new,05/24
48,1915317,クリアマルチポーチ(M),0.129808055682933,new,05/24
49,2078426,無地シングルブレストプルオーバーハイウエストノースリーブ七分袖シンプルファッション一般一般ショート丈キャミソール折り襟ボタンなしノースリーブカジュアルセットアップ,0.129721707528881,new,05/24
50,1914172,マルチWayクリアダブルスクエアトートバッグ,0.129244478591391,new,05/24
51,1910010,candle night light	A3523,0.128407579086105,-34,05/24
52,1914182,3Wayロゴポーチ付きクリアトートバッグ,0.128098910651496,new,05/24
53,2076818,フラワーシャーリングハートネックパフ半袖ミニワンピース,0.127669933198226,new,05/24
54,1914121,ギンガムチェック柄ショート丈シャツ,0.126971141113715,new,05/24
55,2079870,厚底トラックソールスポーツサンダル,0.126860934967786,new,05/24
56,2078872,田中みな実 花柄レースリボンマーメイドワンピース,0.126481027418629,new,05/24
57,2079885,厚底クロスベルトレザーサンダル,0.126442014142397,new,05/24
58,1937923,自分だけの 快適スペース ♪ 折りたたみ式 ベッドテーブル ベッドスペース ベッドルーム 韓国っぽ インテリア トレーテーブル おうち時間 リモート ipad お部屋,0.12622668106073,new,05/24
59,2069405,MonagustAチャーリーポーチcy7651,0.12402380073053,new,05/24
60,2076742,バックリボンジップアップスクエアネッククロップデニム半袖ブラウス,0.123785259446763,new,05/24
61,1913271,人気上昇中 ファッション 韓国系 かわいい 小柄 エレガント ワンピース,0.123524131965431,-18,05/24
62,1864832,＊うねうねガラスコップ＊,0.122528965707164,-42,05/24
63,2079797,フリルパフスリーブシャツ,0.122085226828321,new,05/24
64,1913967,トレンド ギンガムチェック柄 パフスリーブ シャツ 半袖 バックボタン レースカラー ラウンドネック 大人かわいい ガーリー 春夏 a3173,0.121898912693958,-16,05/24
65,1913217,多色展開 今季注目  ファッション カジュアル 春夏 Vネック 五分袖 シフォンシャツ,0.121068277228105,-20,05/24
66,1906059,【999円SALE~】お買い得 2色 韓国風ファッション シンプル カジュアル ボーダー 半袖 Tシャツ,0.120694554769088,new,05/24
67,2023489,太っちょマカロン オールスター12個セット マカプレッソ トゥンカロン マカロン macaron 韓国 スイーツ デザート プレゼント ギフト,0.120531373780041,-43,05/24
68,1905619,【D688】★ iPhone 13/13pro/12/11/ProMax // XS /XR/Xs max★ シェルカバーケース   トムとジェリー,0.120477224724382,new,05/24
69,2076153,映える グラデカラー♪ 大容量 1500ml ウォーターボトル グラデーション タンブラー 水筒 マイボトル エコ活 部活 通学 ジム スポーツ 韓国雑貨 半透明,0.120456336342474,new,05/24
70,2076705,小花柄リボンシャーリングVネッククロップ半袖ブラウス,0.119979560464246,new,05/24
71,2071960,2colorsウォーターボトル　タンブラー　シンプルクリアボトル　水筒　タンブラー　ボトル　ピッチャー　韓国インテリア　韓国雑貨,0.119680374928839,new,05/24
72,1913229,デザイン性抜群 シンプル   ファッション 無地 PU   オープン バッグ,0.119665150131132,new,05/24
73,1843092,壁掛け化粧品収納ボックス,0.119596914080399,new,05/24
74,1845081,2WAYリブクロップ半袖ジップアップニット,0.11923234453217,-22,05/24
75,2078868,ボーダー柄フラワーボタンポロニットトップス,0.119019498199906,new,05/24
76,1910002,DIY cloud light	A3498,0.118780276565593,new,05/24
77,2079823,タックハイウエストショートパンツ,0.118676721162961,new,05/24
78,1859972,シアーカーディガン＆アンニュイキャミソール 006637,0.118331821823864,3,05/24
79,2076741,2WAYジップアップ半袖ニットカーディガン,0.118285840893118,new,05/24
80,1914157,バイカラー襟付ショート丈ニットトップス,0.115844347313504,new,05/24
81,2076745,ベーシックストレートロングデニムパンツ,0.115237580412624,new,05/24
82,2076800,ストライプスクエアネッククロップノースリーブニット,0.115135433982241,new,05/24
83,1938528,フリル ベッドカバーセット 掛け布団カバー 3点セット 寝具 韓国インテリア 姫系,0.115048593494694,new,05/24
84,1970872,デニムセットアップ ツーピース 2点セット ビスチェ キャミ パンツ トレンド シンプル 大人可愛い ガーリー レトロ 韓国ファッション,0.114991284670843,new,05/24
85,2075621,インパン裏地付きボックスプリーツミニスカート,0.114887792883352,new,05/24
86,2076763,リネンストリングミリタリークロップジャケット,0.114412297615935,new,05/24
87,2022274,ロゴ刺繍Tシャツ,0.113245561236535,-37,05/24
88,1913297,好感度UP シンプル 無地 通勤  ラウンドネック 透かし彫り ニット Tシャツ,0.112534329706852,-26,05/24
89,1844476,ボーイフレンドストライプビッグシャツ 006618,0.112516624673811,-29,05/24
90,1902432,2色 楽天人気アイテム カジュアル 無地 コットン Aライン カジュアルワンピース,0.112254925970803,-29,05/24
91,1913211,前後2Way幾何学柄ショート丈カーディガン,0.111597260231711,new,05/24
92,1862943,【2カラー】 デニムスカート ハイウエスト フロントボタン ミニスカート タイト スカート デニム 韓国ファッション レディース 大人可愛い ガーリー カジュアル DTC-638670251125,0.110857757478603,new,05/24
93,1909689,ラインハーフパンツセットアップ PD1651,0.110559963694935,-36,05/24
94,2079630,ミニスリットデニムワンピース,0.110392491679388,new,05/24
95,1914658,無地プルオーバーハイウエストAライン半袖シンプルファッションカジュアル学園風一般ショート丈折襟なしカジュアルセットアップ,0.110002753227169,new,05/24
96,2080192,ハイウエスト美脚フロントジップショートパンツ V7804S,0.109797242442689,new,05/24
97,2076654,[企画]ショート半袖シャツ,0.108761727296797,new,05/24
98,1905401,【即納】オーバーサイズプリントTシャツ N5339S,0.108744895825798,new,05/24
99,1912064,デニムワンピース シャツワンピ ミニ丈 半袖 ポケット付き スクエアネック Aライン ウエストマーク デニム カジュアル おしゃれ デニムスカート 春夏 韓国風 ブルー,0.108481252918592,new,05/24
0,1959557,Retro Bluetooth Speaker レトロブルートゥーススピーカー,0.26630464822298,new,05/25
1,1837857,【2点セット/パーカー+スカート】無地 Aライン 長袖 ノースリーブ キュート エレガント ギャザー ラウンドネック カジュアル セットアップ,0.217142957585763,new,05/25
2,1847611,タンブラー　シンプル　ホワイトインテリア　ウォーターボトル　水筒　可愛い　韓国　ピクニック　グラス　カップ　韓国発おしゃれグラス　韓国語　カフェ　ランチ　モーニング　韓国雑貨　韓国インテリア　北欧インテリア,0.217089462875363,3,05/25
3,1856292,シンプルな木製の2段ラック,0.209797731734627,3,05/25
4,1914135,リボンベルト付きテーラードオールインワン,0.199124359862153,7,05/25
5,2038525,マカロンのカケラBOX♡ やみつきサクサクおやつ,0.183735231620164,new,05/25
6,1935762,ハートガラスコップ,0.179107804578169,new,05/25
7,1913436,パフスリーブワッフルカットソー V7611S,0.175670867529712,12,05/25
8,2079867,バイカラーポロニットトップス,0.174571900118975,new,05/25
9,2079885,厚底クロスベルトレザーサンダル,0.172502804470021,48,05/25
10,1902451,人気上昇中 シンプル 無地 かわいい カジュアル エレガント シャツ,0.170921163014589,new,05/25
11,1839467,Wave frame clear iphoneケース,0.167037601346292,new,05/25
12,1905174,Clear pocket iphone case【iphone13機種】,0.165317385416585,18,05/25
13,2079890,【即納品・Lサイズ】デニムパンツ ジーンズ ジーパン ルーズ パンツ ボトム ハイウエスト トレンド シンプル カジュアル 韓国ファッション S-4XL,0.163672074493126,new,05/25
14,1916902,サステナブル な 女子に ♪ ウォーターボトル マイボトル クリア ボトル タンブラー 水筒 学生 おうち時間 エコ活 大人女子 400ml,0.158376673543421,8,05/25
15,1909799,サマーシースルーシャツ    D2932,0.157283068393175,new,05/25
16,1968428,【一部即納】レトロな街灯ランプ,0.157170763596714,10,05/25
17,2076804,パステルケーブル編みスクエアネック半袖ニット6色,0.151797080020164,new,05/25
18,2079889,【即納品・Sサイズ】セットアップ ツーピース デニム オーバーオール ルーズ トレンド カジュアル ポップ 韓国ファッション S-L,0.150073261821756,new,05/25
19,1851947,一番安い新作 韓国風ファッション  チェック柄  セクシー スウィート  レギュラーウエスト 夏 ビキニ水着,0.148176856506848,20,05/25
20,1913979,オーバージャケット デニムセットアップ QW280,0.147822806250539,-8,05/25
21,1976521,【オーダー可】Princess Double Layer Curtains ver.2 姫系二重カーテンアップグレード版,0.147815952437447,new,05/25
22,2079887,2Wayキルティングリボンミニバッグ,0.147092222164171,new,05/25
23,2022277,バックレースアップタックシャツワンピース,0.14465398160293,new,05/25
24,1915317,クリアマルチポーチ(M),0.14437624959335,24,05/25
25,2078589,目を奪われる カジュアル 丸トゥ PU  防水 キック ウェッジソール サンダル,0.143987956779911,new,05/25
26,1896730,【2点セット/単品注文】配色 Aライン 半袖 スウィート パフスリーブ ボウタイ 切り替え キャミソール カジュアル セットアップ,0.143690734337912,new,05/25
27,2077512,チェーンビスチェレイヤードパフスリーブTシャツ V7787S,0.142166387278702,4,05/25
28,2072025,ハートのゴールドライングラス　ガラス　カップ　アンティーク調　韓国インテリア　韓国雑貨　コップ,0.140771404542758,new,05/25
29,1914172,マルチWayクリアダブルスクエアトートバッグ,0.139663479240301,21,05/25
30,2077504,レイヤードデザインパフスリーブTシャツ V7792S,0.13874890405152,new,05/25
31,1906061,デザイン性抜群  ファッション  無地 丸トゥ ストリート プラットフォーム サンダル,0.137578576726727,new,05/25
32,1846319,オーバーサイズポロカラースウェット V7575S,0.136877726087165,5,05/25
33,1857499,smile flower bouquet (middle size),0.135895276906035,2,05/25
34,2069405,MonagustAチャーリーポーチcy7651,0.135684669905023,25,05/25
35,1937860,ドリンクホルダー　タンブラー　シンプル　ホワイトインテリア　ウォーターボトル　水筒　可愛い　韓国　ピクニック　グラス　カップ　韓国発おしゃれグラス　韓国語　カフェ　ランチ　モーニング　韓国雑貨　韓国インテリア　北欧インテリア,0.134328738777417,new,05/25
36,1913304,高見えデザイン シンプル 無地 カジュアル かわいい キャミソール,0.132553521121008,9,05/25
37,1993685,涼しげ クリアソール ♪ ボリュームソール スニーカー 足首ほっそり 厚底 ダッドシューズ 脚長効果 美脚見え 学生 通学 シンプル カジュアル メンズライク,0.130107430658674,new,05/25
38,1921664,〇 ムーンライト 〇 interior00439,0.129165353835484,new,05/25
39,1914182,3Wayロゴポーチ付きクリアトートバッグ,0.126469573019245,13,05/25
40,1854905,継続的な更新 セクシー チェック柄 切り替え ボウタイ Aライン 春夏 ビキニ水着,0.124872020621053,new,05/25
41,1913993,ワッペンBIGストライプシャツ(全2色),0.124836733682049,new,05/25
42,1851957,美人度アップ かわいい エレガント ファッション 韓国系 シンプル 切り替え シャツ,0.123810645491926,new,05/25
43,2023498,太っちょマカロン マカマニア ソルティーキャラメル 6個セット マカプレッソ トゥンカロン マカロン macaron 韓国 スイーツ デザート プレゼント ギフト,0.122989198031631,new,05/25
44,2038735,【配送】genderreveal cake,0.122963070381602,new,05/25
45,1913211,前後2Way幾何学柄ショート丈カーディガン,0.121501897481157,46,05/25
46,2023240,ガーリーフィッシュテールミニスカート V7769S,0.121479566044604,new,05/25
47,2078879,水着 スイムウェア ビキニ カシュクール 半袖 かぎ編みレース 海 プール ビーチ 体型カバー 韓国ファッション 大人可愛い,0.121440321392556,new,05/25
48,2072027,シンプルカフェグラス　homecafe おうちカフェ　ワイングラス　パフェ　ラウンド　ゴブレット　韓国インテリア　韓国雑貨　コップ,0.121295984136653,new,05/25
49,1844980,Vネックルーズフィットカーディガン7色,0.120761670900702,-25,05/25
50,1913703,デニムシャツミニワンピース,0.120408130937221,new,05/25
51,2015318,くすみピンクに きゅんとする ♪ オフショルダー ワンピース 水着 ワンショルダー 韓国っぽ フリル ガーリー ダスティー 華奢見せ レトロ レースアップ フェミニン,0.120261989315161,new,05/25
52,1914125,マーメイドスカート,0.119792061345139,new,05/25
53,1845081,2WAYリブクロップ半袖ジップアップニット,0.119247082511285,21,05/25
54,1902432,2色 楽天人気アイテム カジュアル 無地 コットン Aライン カジュアルワンピース,0.11918863001385,36,05/25
55,1914019,【SG60】クレヨンしんちゃん ❤️ かわいい ❤️ iPhone13 Pro ❤️ iPhone13 ❤️ iPhone13 Pro Max,0.118756418101973,new,05/25
56,1803841,【999円SALE~】 おしゃれ度高め シンプル  プルオーバー ラウンドネック  ロング Ｔシャツ,0.118727664664835,new,05/25
57,2079630,ミニスリットデニムワンピース,0.117570223769252,37,05/25
58,2076976,ダロワイヨ ちいかわ マカロン付キャニスター,0.117495687249477,new,05/25
59,2078577,全4色 韓国風ファッション  OL/通勤  レトロ  春夏 S バケツバッグ マグネット ショルダーバッグ,0.117276580937607,new,05/25
60,1915008,【オーダー商品】韓国人気キャラクター ペンケース,0.11584380854289,new,05/25
61,2078426,無地シングルブレストプルオーバーハイウエストノースリーブ七分袖シンプルファッション一般一般ショート丈キャミソール折り襟ボタンなしノースリーブカジュアルセットアップ,0.115594781195604,-12,05/25
62,2065513,バイカラーTシャツ V7785S,0.115361056420918,new,05/25
63,2078873,田中みな実 リボンベルト付き花柄消しプリーツフレアワンピース,0.114937129119996,new,05/25
64,1913675,ビッグシルエットロゴポロシャツ.１４６０,0.114439604273383,new,05/25
65,2071717,レトロラインプレート　フリル　ディッシュプレート　赤　レッド　可愛い　かわいい　花柄　お皿　食器　韓国インテリア　韓国雑貨　コップ,0.113994416628955,new,05/25
66,1839169,デニム セットアップ ジャケット QW270,0.113773337178381,new,05/25
67,1914143,フレアスリーブ花柄カシュクールワンピース,0.113104700960778,new,05/25
68,2079641,レースアップカーディガン(全3色),0.113054000981151,new,05/25
69,2079154,【D796】★ iPhone 13/12pro/12/11/11ProMax /X/XS/XR/Xs max★ シェルカバーケース,0.112916435029877,new,05/25
70,2023499,太っちょマカロン マカマニア ミルク 6個セット マカプレッソ トゥンカロン マカロン macaron 韓国 スイーツ デザート プレゼント ギフト,0.112115842720735,new,05/25
71,1915012,【オーダー商品】透明ペンケース,0.111683360736358,new,05/25
72,2079823,タックハイウエストショートパンツ,0.110949090307426,5,05/25
73,1913960,ティアード ワンピース ロングワンピ キャミワンピ バイカラー リボン ノースリーブ,0.110545894216025,new,05/25
74,2019025,3D LED時計(壁卓上兼用) cy3942,0.110137088568397,new,05/25
75,1970872,デニムセットアップ ツーピース 2点セット ビスチェ キャミ パンツ トレンド シンプル 大人可愛い ガーリー レトロ 韓国ファッション,0.110043171829889,9,05/25
76,2079875,パット付きレザーレースシャーリングキャミソール,0.110008717065018,new,05/25
77,1844476,ボーイフレンドストライプビッグシャツ 006618,0.109961238932718,12,05/25
78,1963598,【2点セット/トップス+ワンピース】大人 カジュアル 無地 ハイウエスト 不規則 半袖 ノースリーブ ファッション ボウタイ POLOネック セットアップ,0.109913865816904,new,05/25
79,1905619,【D688】★ iPhone 13/13pro/12/11/ProMax // XS /XR/Xs max★ シェルカバーケース   トムとジェリー,0.109170525114116,-11,05/25
80,2075889,【限定商品】父の日セット（簡易包装　送料別）,0.108608062935085,new,05/25
81,1914006,3点セット ブラウス ジャンパースカート ミニショルダーバッグ ジャンスカ フロントボタン 長袖 セットアップ 韓国ファッション レディース 大人可愛い ガーリー DTC-655501561990,0.107679444103515,new,05/25
82,1851948,大流行新作 シンプル 無地 セクシー ノースリーブ プルオーバー  Vネック スリムワンピース ビキニ水着,0.107454635574163,new,05/25
83,2079860,田中みな実 トングナローストラップスクエアトゥレザーサンダル,0.107123343319548,new,05/25
84,2042871,アップリケレースパフスリーブブラウス V7783S,0.106268347846944,new,05/25
85,2023489,太っちょマカロン オールスター12個セット マカプレッソ トゥンカロン マカロン macaron 韓国 スイーツ デザート プレゼント ギフト,0.106065403017462,-18,05/25
86,2072028,【即納】スターバックス アメリカ限定 リユーザブルカップ 473ml グランデサイズ スタバ ハワイ ワイキキ コーヒー Grande マノア オアフ hawaii 16floz 限定 STARBUCKS　ウォーターボトル　タンブラー　シンプルクリアボトル　水筒　タンブラー　ボトル　ピッチャー　韓国インテリア　韓国雑貨,0.105809841030292,new,05/25
87,1902369,4色 吸汗速乾素材 無地 五分袖 アルファベット Tシャツ,0.104914316286722,new,05/25
88,1863669,韓国系 着瘦せ エレガント 配色 薄型 スクエアネック  半袖  涼しい Tシャツ,0.104630504946696,new,05/25
89,1914670,韓国系 キュート無地 パフスリーブ  Vネック 半袖 ファッション スウィート ストライプ柄 シャツ・ブラウス,0.104539551834038,-45,05/25
90,2072019,ストロー付きタンブラー　大容量　パステラカラー　ピンク　グリーン　ブルー　イエロー　ボトル　ピッチャー　韓国インテリア　韓国雑貨,0.104501011388701,new,05/25
91,1905391,【即納】カラーNEVERTシャツ V2318S,0.104134509942977,new,05/25
92,2079859,ドロップショルダーラガーシャツ,0.104083611566444,new,05/25
93,2040844,和ニャカロン詰め合わせ（5個入）,0.103774181928165,new,05/25
94,1913691,ストラッププリーツワンピース,0.103256358258679,new,05/25
95,1843081,化粧品収納ケース,0.102701090562983,new,05/25
96,2079863,スクエアバックルミニショルダーバッグ,0.102440884199935,new,05/25
97,1908948,お花モチーフグラス 6種 MN0208,0.102073304182848,new,05/25
98,2079011,クロミパンダントトライタンボトルウォーターボトルcy1725,0.102039083568646,new,05/25
99,2079350,シフォンパフスリーブVネックブラウス V7800S,0.101841435584238,new,05/25
0,1909733,チェキアイフォンケース PD3435,0.306159884111434,new,05/26
1,1913305,買わなきゃ損 ファッション プルオーバー  無地 Vネック  ショート丈 シャツ,0.264710687279451,new,05/26
2,1912151,White heart wave mirror strap iphoneケース,0.226913957085441,new,05/26
3,1913283,2色 韓国風ファッション 欠かせない フェミニン コットン Vネック シャツ,0.220547019713308,new,05/26
4,1837857,【2点セット/パーカー+スカート】無地 Aライン 長袖 ノースリーブ キュート エレガント ギャザー ラウンドネック カジュアル セットアップ,0.219343688269255,-3,05/26
5,1854957,楽天人気アイテム!ファッション 無地 ハイウエスト ベルト付き  POLOネック カジュアルワンピース,0.20260186307057,new,05/26
6,1913286,【単品注文】美人度アップ シンプル 無地 カーディガン＋エレガント ワンピース セット,0.202596222771816,new,05/26
7,1909914,heart board light	A3522,0.200949105876955,new,05/26
8,1912138,【2点セット】配色 レギュラーウエスト 半袖 ファッション  切り替え ラウンドネック カジュアル セットアップ,0.195660099920313,new,05/26
9,1913898,Clear color stand iphoneケース,0.186308853867335,new,05/26
10,1914834,【単品注文】 今季大注目のアップ シンプル ボーダーＴシャツ＋カジュアル オーバーオール セットアップ,0.184245478849993,new,05/26
11,1914430,【一部即納】ロマンチックチューリップランプ,0.183793940662716,new,05/26
12,2079867,バイカラーポロニットトップス,0.182335281526838,-4,05/26
13,1839467,Wave frame clear iphoneケース,0.181272665217582,-2,05/26
14,1913688,2022SS レトロロゴリンガーTシャツ,0.179790472024834,new,05/26
15,2038525,マカロンのカケラBOX♡ やみつきサクサクおやつ,0.177538973175351,-10,05/26
16,1863653,シンプル ファッション  ストリート 目立つ 気質満点 カジュアル キュート チェック柄 カーディガン,0.175342092748856,new,05/26
17,1863471,【bottoms】絶対欲しい人気急上昇中ファッションカジュアルデニムパンツ　M-6801,0.173714125310145,new,05/26
18,1913258,絶対欲しい カジュアル ファッション 肩掛け 無地 ファスナー バケツバッグ バック,0.173638183760719,new,05/26
19,2079885,厚底クロスベルトレザーサンダル,0.172251371855618,-10,05/26
20,1847611,タンブラー　シンプル　ホワイトインテリア　ウォーターボトル　水筒　可愛い　韓国　ピクニック　グラス　カップ　韓国発おしゃれグラス　韓国語　カフェ　ランチ　モーニング　韓国雑貨　韓国インテリア　北欧インテリア,0.170572385181824,-18,05/26
21,1856839,テディ刺しゅう半袖Tシャツ,0.170515527100144,new,05/26
22,1910955,＊セラミックコースター付きカップ＊,0.169752016805362,new,05/26
23,1905174,Clear pocket iphone case【iphone13機種】,0.169083490225965,-11,05/26
24,1968428,【一部即納】レトロな街灯ランプ,0.166705274070003,-8,05/26
25,2102373,レトロデザイン半袖ニット V7812S,0.166549092787541,new,05/26
26,1971585,チェック柄バイカラーポロニットトップス,0.160972104551736,new,05/26
27,1906291,シュガー トゥインクル デュオ アイ スティック,0.159603256684517,new,05/26
28,1914186,シースルーバブルスリーブシャツ V7620S,0.159079433529371,new,05/26
29,2072025,ハートのゴールドライングラス　ガラス　カップ　アンティーク調　韓国インテリア　韓国雑貨　コップ,0.15771520690556,-1,05/26
30,1896373,Shadow Palette #11 Chocolate fudge チョコレートファッジ,0.146563114720851,new,05/26
31,1902681,千鳥柄クロスビキニ（A156）,0.146418190040336,new,05/26
32,1913356,カジュアルアルファベットおしゃれＴシャツ,0.144205591287071,new,05/26
33,1913300,特別デザイン シンプル 春夏 シングルブレスト Vネック 透かし彫り シャツ,0.143052827477315,new,05/26
34,1915317,クリアマルチポーチ(M),0.141441130956998,-10,05/26
35,2108672,3色 欠かせない 人気集中アイテム 韓国系 カジュアル 無地 夏 長袖 シフォン日焼け止め シャツ カーディガン,0.140286930516424,new,05/26
36,2102371,レトロビスチェレイヤードデザインTシャツ V7809S,0.137596735810436,new,05/26
37,2078465,無地プルオーバーカーディガンハイウエストAラインノースリーブファッション一般膝下丈折襟なしカジュアルセットアップ,0.135798190176825,new,05/26
38,2076804,パステルケーブル編みスクエアネック半袖ニット6色,0.135298826573175,-21,05/26
39,1968427,【即納】レトロビンテージスピーカー,0.133357790061914,new,05/26
40,1914157,バイカラー襟付ショート丈ニットトップス,0.132866744668981,new,05/26
41,1914182,3Wayロゴポーチ付きクリアトートバッグ,0.132336664211754,-2,05/26
42,1905176,Simple 5colors iphone case,0.131635436753464,new,05/26
43,2023489,太っちょマカロン オールスター12個セット マカプレッソ トゥンカロン マカロン macaron 韓国 スイーツ デザート プレゼント ギフト,0.131284444673128,42,05/26
44,1921664,〇 ムーンライト 〇 interior00439,0.130767077669298,-6,05/26
45,2102651,スタンド付きシンプルデザイン iPhoneケーススマホケース,0.130482869473468,new,05/26
46,2022403,脱コンプレックス ♪ スタイルアップ 水着 タンキニ ビキニ スカート ミニ丈 ミニスカ レース フリル シアー素材 ボリューム袖 スイムウェア,0.127920830306647,new,05/26
47,1913349,配色切り替えギャザーTシャツ,0.126933879835835,new,05/26
48,1902432,2色 楽天人気アイテム カジュアル 無地 コットン Aライン カジュアルワンピース,0.126819781297422,6,05/26
49,1855419,2022SS デニムビスチェセットアップ,0.126595476721357,new,05/26
50,1913304,高見えデザイン シンプル 無地 カジュアル かわいい キャミソール,0.12649095165979,-14,05/26
51,1854905,継続的な更新 セクシー チェック柄 切り替え ボウタイ Aライン 春夏 ビキニ水着,0.126070544922793,-11,05/26
52,1914658,無地プルオーバーハイウエストAライン半袖シンプルファッションカジュアル学園風一般ショート丈折襟なしカジュアルセットアップ,0.125790382435017,new,05/26
53,2010238,ショルダーオープンワッシャープリーツワンピース,0.124969871649204,new,05/26
54,1913506,［新商品］frill flare onepiece PP3960,0.12484851579573,new,05/26
55,1937923,自分だけの 快適スペース ♪ 折りたたみ式 ベッドテーブル ベッドスペース ベッドルーム 韓国っぽ インテリア トレーテーブル おうち時間 リモート ipad お部屋,0.124697246464968,new,05/26
56,1914172,マルチWayクリアダブルスクエアトートバッグ,0.124297581504994,-27,05/26
57,1854875,襟付きバイカラーショート丈ニットトップス,0.123940830209739,new,05/26
58,1916212,ガラスフロート温度計　クラウド/スヌーピー,0.123804557527309,new,05/26
59,2068251,ガーリーデニムオーバーオール V7794S,0.12311300230739,new,05/26
60,2023495,太っちょマカロン マカマニア リアルチョコ 6個セット マカプレッソ トゥンカロン マカロン macaron 韓国 スイーツ デザート プレゼント ギフト,0.122633059365841,new,05/26
61,1851947,一番安い新作 韓国風ファッション  チェック柄  セクシー スウィート  レギュラーウエスト 夏 ビキニ水着,0.122270067202274,-42,05/26
62,1845081,2WAYリブクロップ半袖ジップアップニット,0.121946197746264,-9,05/26
63,1859972,シアーカーディガン＆アンニュイキャミソール 006637,0.121852923131992,new,05/26
64,2078426,無地シングルブレストプルオーバーハイウエストノースリーブ七分袖シンプルファッション一般一般ショート丈キャミソール折り襟ボタンなしノースリーブカジュアルセットアップ,0.121033126136998,-3,05/26
65,2079805,配色ボウタイフリルブラウス,0.120798355975331,new,05/26
66,2108677,水着 スイムウェア ビキニ クロス 千鳥格子 プール ビーチ 体型カバー 韓国ファッション 大人可愛い,0.120557309639369,new,05/26
67,1905619,【D688】★ iPhone 13/13pro/12/11/ProMax // XS /XR/Xs max★ シェルカバーケース   トムとジェリー,0.120017090695727,12,05/26
68,1910002,DIY cloud light	A3498,0.11999289580912,new,05/26
69,2072027,シンプルカフェグラス　homecafe おうちカフェ　ワイングラス　パフェ　ラウンド　ゴブレット　韓国インテリア　韓国雑貨　コップ,0.119410618659624,-21,05/26
70,2072028,【即納】スターバックス アメリカ限定 リユーザブルカップ 473ml グランデサイズ スタバ ハワイ ワイキキ コーヒー Grande マノア オアフ hawaii 16floz 限定 STARBUCKS　ウォーターボトル　タンブラー　シンプルクリアボトル　水筒　タンブラー　ボトル　ピッチャー　韓国インテリア　韓国雑貨,0.118672804168172,16,05/26
71,1913791,【予約販売】水着 カップル水着 3点セット ペアルック メンズ レディース  リーフ柄 ビキニ グリーン パレオ エスニック柄 海水パンツ ペア水着 恋人 おそろい お揃い  M/L/XL,0.118591892090322,new,05/26
72,1914125,マーメイドスカート,0.118111313755404,-20,05/26
73,2072021,【限定品】耐熱ガラスのいちごポット　韓国雑貨,0.118068434036307,new,05/26
74,1963598,【2点セット/トップス+ワンピース】大人 カジュアル 無地 ハイウエスト 不規則 半袖 ノースリーブ ファッション ボウタイ POLOネック セットアップ,0.117696413823719,4,05/26
75,1993685,涼しげ クリアソール ♪ ボリュームソール スニーカー 足首ほっそり 厚底 ダッドシューズ 脚長効果 美脚見え 学生 通学 シンプル カジュアル メンズライク,0.117323783958211,-38,05/26
76,1912136,「単品注文」エレガント フレア袖 ギャザー ボタン 長袖シャツ+ 無地 Aライン スウィートワンピース カジュアル セットアップ,0.115583096756903,new,05/26
77,2072016,Have a nice dayタンブラー　ホワイト　雲　クラウド　ボトル　ピッチャー　韓国インテリア　韓国雑貨,0.115338301408045,new,05/26
78,2078873,田中みな実 リボンベルト付き花柄消しプリーツフレアワンピース,0.115214422474764,-15,05/26
79,1913246,4色 ins超人気 しっかり シンプル 無地 半袖 Tシャツ,0.115079659825452,new,05/26
80,2080189,レースステッチレトロプリントTシャツ V7807S,0.114424857703324,new,05/26
81,1913263,おしゃれ度高め 韓国系 シンプル ハイウエスト スリット ショートパンツ,0.114390624003357,new,05/26
82,1914179,透かし編み配色ショート丈ニットカーディガン,0.113677756050059,new,05/26
83,1914149,フリルチュールスリーブリボンニットミニワンピース,0.113417318228239,new,05/26
84,2102183,Pastel stand clear iphoneケース,0.113027938401042,new,05/26
85,1862031,Wave frame heart iphoneケース,0.112987396414279,new,05/26
86,2079890,【即納品・Lサイズ】デニムパンツ ジーンズ ジーパン ルーズ パンツ ボトム ハイウエスト トレンド シンプル カジュアル 韓国ファッション S-4XL,0.11258054478119,-73,05/26
87,2107015,ONE MINDオーバーフィットTシャツ,0.112471437325648,new,05/26
88,1938528,フリル ベッドカバーセット 掛け布団カバー 3点セット 寝具 韓国インテリア 姫系,0.112411750959315,new,05/26
89,1909985,ライトフラワーブーケ	A2067,0.112305304478643,new,05/26
90,2071735,レタリンググラス　homecafe おうちカフェ　シンプル　英字　マグカップ　グラス　プレート　韓国インテリア　韓国雑貨,0.112075495901659,new,05/26
91,1913704,オールホワイト3点セットアップ,0.111357121341442,new,05/26
92,2078879,水着 スイムウェア ビキニ カシュクール 半袖 かぎ編みレース 海 プール ビーチ 体型カバー 韓国ファッション 大人可愛い,0.1112776874292,-45,05/26
93,2102377,2wayパフスリーブカットソー V7810S,0.111192038504046,new,05/26
94,2071696,まんまるペンケース　ブラシホルダー　筆箱　ダイアリークリアポーチ　pvc ポーチ　ケース　タブレット　ポーチ　pc iPhone スマホ　マルチケース　小物入れ　花柄　韓国ファッション,0.110876279259729,new,05/26
95,1913302,おしゃれ度高め シンプル 無地 カジュアル エレガント ワンピース,0.110530690566678,new,05/26
96,1913694,クラシカルAラインワンピース,0.110169355042147,new,05/26
97,1914121,ギンガムチェック柄ショート丈シャツ,0.109779497252727,new,05/26
98,2092868,デイジーマット R1457,0.109490448158565,new,05/26
99,1839169,デニム セットアップ ジャケット QW270,0.109464725304944,-33,05/26
0,1909733,チェキアイフォンケース PD3435,0.311279310013726,-,05/27
1,1914184,ボリュームパフスリーブプリントTシャツ V7618S,0.293278436593265,new,05/27
2,1912151,White heart wave mirror strap iphoneケース,0.249443697098131,-,05/27
3,1913286,【単品注文】美人度アップ シンプル 無地 カーディガン＋エレガント ワンピース セット,0.249101547642274,3,05/27
4,2092836,ウッドデジタルクロック R1395,0.234323013799,new,05/27
5,1913283,2色 韓国風ファッション 欠かせない フェミニン コットン Vネック シャツ,0.21717541903408,-2,05/27
6,1902451,人気上昇中 シンプル 無地 かわいい カジュアル エレガント シャツ,0.215214015439707,new,05/27
7,1856292,シンプルな木製の2段ラック,0.211760176124181,new,05/27
8,1837857,【2点セット/パーカー+スカート】無地 Aライン 長袖 ノースリーブ キュート エレガント ギャザー ラウンドネック カジュアル セットアップ,0.20836691740663,-4,05/27
9,1847611,タンブラー　シンプル　ホワイトインテリア　ウォーターボトル　水筒　可愛い　韓国　ピクニック　グラス　カップ　韓国発おしゃれグラス　韓国語　カフェ　ランチ　モーニング　韓国雑貨　韓国インテリア　北欧インテリア,0.208136102298321,11,05/27
10,1854957,楽天人気アイテム!ファッション 無地 ハイウエスト ベルト付き  POLOネック カジュアルワンピース,0.20415849946,-5,05/27
11,2019029,Brunch Brother コンピスリッパ cy4988,0.202570143518983,new,05/27
12,1804803,【3点セット/カーディガン+キャミソール+ショットパンツ】無地 シングルブレスト 長袖 ノースリーブ シンプル 折り襟 スクエアネック カジュアル セットアップ,0.201399987860416,new,05/27
13,1914138,花刺繍ボリュームスリーブブラウス,0.194350482868825,new,05/27
14,1913898,Clear color stand iphoneケース,0.193763898362306,-5,05/27
15,1914430,【一部即納】ロマンチックチューリップランプ,0.192460124460799,-4,05/27
16,1914135,リボンベルト付きテーラードオールインワン,0.185815920356813,new,05/27
17,1914834,【単品注文】 今季大注目のアップ シンプル ボーダーＴシャツ＋カジュアル オーバーオール セットアップ,0.184370532727165,-7,05/27
18,1913438,ルーズレトロデザインTシャツ V7615S,0.174152673143697,new,05/27
19,1909951,ツリーライト	A2308,0.169420736492298,new,05/27
20,1913979,オーバージャケット デニムセットアップ QW280,0.168255417789418,new,05/27
21,2038525,マカロンのカケラBOX♡ やみつきサクサクおやつ,0.163627355818237,-6,05/27
22,2078873,田中みな実 リボンベルト付き花柄消しプリーツフレアワンピース,0.163617933772935,56,05/27
23,2079867,バイカラーポロニットトップス,0.163525592674478,-11,05/27
24,1863471,【bottoms】絶対欲しい人気急上昇中ファッションカジュアルデニムパンツ　M-6801,0.16319508576154,-7,05/27
25,1993685,涼しげ クリアソール ♪ ボリュームソール スニーカー 足首ほっそり 厚底 ダッドシューズ 脚長効果 美脚見え 学生 通学 シンプル カジュアル メンズライク,0.162685578205999,50,05/27
26,1909799,サマーシースルーシャツ    D2932,0.161600971141991,new,05/27
27,2071737,シンプルクリアボトル　水筒　タンブラー　ボトル　ピッチャー　韓国インテリア　韓国雑貨,0.159420955161519,new,05/27
28,1913356,カジュアルアルファベットおしゃれＴシャツ,0.158458555427521,4,05/27
29,2100101,"[BTS, THE BEST] MINI SHOULDER BAG",0.154241021820177,new,05/27
30,1903113,【送料無料】レースでフェアリーに♪ ドット柄 シースルー フリル リボン ビキニ タンキニ 体型カバー ガーリー フェミニン 2点セット,0.153013968390091,new,05/27
31,1902681,千鳥柄クロスビキニ（A156）,0.152842045137494,-,05/27
32,2072027,シンプルカフェグラス　homecafe おうちカフェ　ワイングラス　パフェ　ラウンド　ゴブレット　韓国インテリア　韓国雑貨　コップ,0.150221576825164,37,05/27
33,2072016,Have a nice dayタンブラー　ホワイト　雲　クラウド　ボトル　ピッチャー　韓国インテリア　韓国雑貨,0.149788099762582,44,05/27
34,2070482,pro max スマホケース,0.147544199540798,new,05/27
35,2102373,レトロデザイン半袖ニット V7812S,0.147329082326723,-10,05/27
36,2106301,ローズセンイル,0.145316659973006,new,05/27
37,1906061,デザイン性抜群  ファッション  無地 丸トゥ ストリート プラットフォーム サンダル,0.145067042612502,new,05/27
38,1913300,特別デザイン シンプル 春夏 シングルブレスト Vネック 透かし彫り シャツ,0.144226078759152,-5,05/27
39,2102371,レトロビスチェレイヤードデザインTシャツ V7809S,0.140955125070297,-3,05/27
40,1902432,2色 楽天人気アイテム カジュアル 無地 コットン Aライン カジュアルワンピース,0.139869105728645,8,05/27
41,1906059,【999円SALE~】お買い得 2色 韓国風ファッション シンプル カジュアル ボーダー 半袖 Tシャツ,0.138034995778398,new,05/27
42,1909985,ライトフラワーブーケ	A2067,0.136076630362132,47,05/27
43,1904965,アップル保護シェル保護ケース/スリーブ,0.135607575890704,new,05/27
44,1856839,テディ刺しゅう半袖Tシャツ,0.135532405585058,-23,05/27
45,1913205,フリルショート丈ニットカーディガン,0.134758656334451,new,05/27
46,1909997,メイクボックス	A2276,0.134170144777262,new,05/27
47,1910010,candle night light	A3523,0.134003633117069,new,05/27
48,1914019,【SG60】クレヨンしんちゃん ❤️ かわいい ❤️ iPhone13 Pro ❤️ iPhone13 ❤️ iPhone13 Pro Max,0.132437521143245,new,05/27
49,1913222,絶対流行 セクシー  シンプル 配色 ハイウエスト ラウンドネック レトロ ビキニ水着,0.131957562064665,new,05/27
50,2071696,まんまるペンケース　ブラシホルダー　筆箱　ダイアリークリアポーチ　pvc ポーチ　ケース　タブレット　ポーチ　pc iPhone スマホ　マルチケース　小物入れ　花柄　韓国ファッション,0.128773307130398,44,05/27
51,2092835,アーチウッドミニラック R1619,0.126766047975002,new,05/27
52,2079798,ビスチェXワイドパンツデニムセットアップ,0.126533890172381,new,05/27
53,1913703,デニムシャツミニワンピース,0.126532322559205,new,05/27
54,2024680,【即納】ロマンチックローズランプ,0.125927628542669,new,05/27
55,1912155,Purple tulip mirror wave iphoneケース,0.125525597516823,new,05/27
56,1914158,バックリボンギンガムチェックレースワンピース,0.125484354246747,new,05/27
57,2105971,スポーティーな オールホワイト ♪ セットアップ ポロカラーシャツ ショートパンツ 2点セット 韓国っぽ ストリート ポロシャツ シャツ ショーパン ミニ丈 スポーツ リラクシー カジュアル スウェットAライン,0.125286060597561,new,05/27
58,1921664,〇 ムーンライト 〇 interior00439,0.125052631823879,-14,05/27
59,2080189,レースステッチレトロプリントTシャツ V7807S,0.124980792168367,21,05/27
60,1857499,smile flower bouquet (middle size),0.123500013717108,new,05/27
61,1896730,【2点セット/単品注文】配色 Aライン 半袖 スウィート パフスリーブ ボウタイ 切り替え キャミソール カジュアル セットアップ,0.123202124956626,new,05/27
62,2108669,今だけ超お得 シンプル ハイウエスト  ロング  Aライン 無地 ランダムティアード スカート,0.123052054206681,new,05/27
63,2110971,ワンピース水着 オフショルダー 2way フレア Aライン ブラック ピンク ガーリー オルチャン 大きいサイズ 韓国 CH1061,0.122721377587983,new,05/27
64,1938528,フリル ベッドカバーセット 掛け布団カバー 3点セット 寝具 韓国インテリア 姫系,0.122360657446522,24,05/27
65,1905619,【D688】★ iPhone 13/13pro/12/11/ProMax // XS /XR/Xs max★ シェルカバーケース   トムとジェリー,0.122014678687647,2,05/27
66,2071851,なみなみ朝食ボウル　ディッシュプレート　お皿　朝食　グラノーラ　食器　韓国インテリア　韓国雑貨　コップ,0.121636340366511,new,05/27
67,2101783,可愛いが詰まってる❤︎鏡面 チューリップ フラワー 淡色  ペイント ミラー フレーム iphone スマホケース ND-14618,0.121634024349656,new,05/27
68,2079805,配色ボウタイフリルブラウス,0.121112951823582,-3,05/27
69,2071988,ニュアンスグラスカップ　韓国インテリア　韓国雑貨　コップ,0.120655295393046,new,05/27
70,2079860,田中みな実 トングナローストラップスクエアトゥレザーサンダル,0.120460296140968,new,05/27
71,2103035,2022SS フェアリーリボンワンピース水着,0.120393414723184,new,05/27
72,2079505,【送料無料】2色 セットアップ スウェット ワッフル パンツ ジャージ 上下セット グレー 灰色 ネイビー 紺色 ライン フード無し パーカー 前開き 個性的 かっこいい ルーズ スポーツウエア スポーティー ズボン カッコイイ カジュアル ラフ フロントジップ 長袖 大人可愛い シンプル おしゃれ レトロ  春 秋 冬 10代 20代 30代 レディース ゆったり 休日 運動 ジム ヨガ アウトドア 着回し 普段使い 楽ちんトレンド 流行 こなれ感 メンズライク 大きいサイズ XL 2XL db3213,0.119822436204724,new,05/27
73,1913229,デザイン性抜群 シンプル   ファッション 無地 PU   オープン バッグ,0.119693121651077,new,05/27
74,1913506,［新商品］frill flare onepiece PP3960,0.119504949266145,-20,05/27
75,1914670,韓国系 キュート無地 パフスリーブ  Vネック 半袖 ファッション スウィート ストライプ柄 シャツ・ブラウス,0.118394039198949,new,05/27
76,1913768,ちょこんとスマイルが可愛い！シンプル透明カバー クリア スマホケース 2type ND-14569,0.11800511768417,new,05/27
77,1914658,無地プルオーバーハイウエストAライン半袖シンプルファッションカジュアル学園風一般ショート丈折襟なしカジュアルセットアップ,0.117964990921185,-25,05/27
78,2107018,シフォンティアードミニスカート,0.117365624872325,new,05/27
79,2071675,vintageディッシュプレート　デイジー　フリージア　チューリップ　グラス　ガラス　花柄　お皿　食器　韓国インテリア　韓国雑貨　コップ,0.11722957251605,new,05/27
80,2100223,"[BTS, THE BEST] FRAGRANCE",0.116139931265257,new,05/27
81,1914125,マーメイドスカート,0.116002807287192,-9,05/27
82,1913791,【予約販売】水着 カップル水着 3点セット ペアルック メンズ レディース  リーフ柄 ビキニ グリーン パレオ エスニック柄 海水パンツ ペア水着 恋人 おそろい お揃い  M/L/XL,0.115993340589471,-11,05/27
83,2079889,【即納品・Sサイズ】セットアップ ツーピース デニム オーバーオール ルーズ トレンド カジュアル ポップ 韓国ファッション S-L,0.115960884498013,new,05/27
84,1913967,トレンド ギンガムチェック柄 パフスリーブ シャツ 半袖 バックボタン レースカラー ラウンドネック 大人かわいい ガーリー 春夏 a3173,0.115881735984057,new,05/27
85,1913263,おしゃれ度高め 韓国系 シンプル ハイウエスト スリット ショートパンツ,0.115759508431615,-4,05/27
86,1913220,【999円SALE~】激安販売中 3色 楽天人気アイテム 高級感 韓国系 シンプル 無地 シャツ,0.115533952916261,new,05/27
87,1854905,継続的な更新 セクシー チェック柄 切り替え ボウタイ Aライン 春夏 ビキニ水着,0.115052303186987,-36,05/27
88,1914179,透かし編み配色ショート丈ニットカーディガン,0.114872823617973,-6,05/27
89,1913268,大人可愛い エレガント セレブリティ プリント ランタンスリーブ  Aライン ロングワンピース,0.114840999462502,new,05/27
90,1896373,Shadow Palette #11 Chocolate fudge チョコレートファッジ,0.114469111338301,-60,05/27
91,1916212,ガラスフロート温度計　クラウド/スヌーピー,0.114294187586843,-33,05/27
92,2107976,ギンガムリボンアンダーウェアSet(全4色),0.114181104279525,new,05/27
93,1913315,Vネックフレア袖切り替え透かし彫りシャツ,0.113999694539843,new,05/27
94,1909922,european rose ramp	A2800,0.113827377362839,new,05/27
95,2071720,2typesベビーピンクのタンブラー　淡色　クリア　ブラウン　ベージュ　ボトル　水筒　哺乳瓶　韓国インテリア　韓国雑貨,0.113107996559908,new,05/27
96,1915317,クリアマルチポーチ(M),0.113078315088111,-62,05/27
97,2102042,流行の予感 高級感 レトロ シンプル 不規則形  オールシーズン  幾何模様 定番 指輪,0.112732273809237,new,05/27
98,2078868,ボーダー柄フラワーボタンポロニットトップス,0.112674929942606,new,05/27
99,2071839,ストライプクリアプレート　ガラス　クリア　透明　お皿　食器　韓国インテリア　韓国雑貨　コップ,0.112520486106588,new,05/27
